code,dataset,field,code_type,description,group,subgroup,code_role,flag1,flag2
Q00,hes_apc or mortality,diag,icd10,anencephaly and similar malformations,nervous system anomalies,,,age_less_than_1,
Q01,hes_apc or mortality,diag,icd10,encephalocele,nervous system anomalies,,,age_less_than_1,
Q02,hes_apc or mortality,diag,icd10,microcephaly,nervous system anomalies,microcephaly,,age_less_than_1,
Q03,hes_apc or mortality,diag,icd10,congenital hydrocephalus,nervous system anomalies,hydrocephaly,,age_less_than_1,
Q04,hes_apc or mortality,diag,icd10,other congenital malformations of brain,nervous system anomalies,,,age_less_than_1,
Q05,hes_apc or mortality,diag,icd10,spina bifida,nervous system anomalies,spina bifida,,age_less_than_1,
Q06,hes_apc or mortality,diag,icd10,other congenital malformations of spinal cord,nervous system anomalies,,,age_less_than_1,
Q07,hes_apc or mortality,diag,icd10,other congenital malformations of nervous system,nervous system anomalies,,,age_less_than_1,
Q10.0,hes_apc or mortality,diag,icd10,congenital ptosis,eye anomalies,,,age_less_than_1,
Q10.4,hes_apc or mortality,diag,icd10,absence and agenesis of lacrimal apparatus,eye anomalies,,,age_less_than_1,
Q10.6,hes_apc or mortality,diag,icd10,other congenital malformations of lacrimal apparatus,eye anomalies,,,age_less_than_1,
Q10.7,hes_apc or mortality,diag,icd10,congenital malformation of orbit,eye anomalies,,,age_less_than_1,
Q11.0,hes_apc or mortality,diag,icd10,cystic eyeball,eye anomalies,anophthalmos/microphthalmos,,age_less_than_1,
Q11.1,hes_apc or mortality,diag,icd10,other anophthalmos,eye anomalies,anophthalmos/microphthalmos,,age_less_than_1,
Q11.2,hes_apc or mortality,diag,icd10,microphthalmos,eye anomalies,anophthalmos/microphthalmos,,age_less_than_1,
Q11.3,hes_apc or mortality,diag,icd10,macrophthalmos,eye anomalies,,,age_less_than_1,
Q12.0,hes_apc or mortality,diag,icd10,congenital cataract,eye anomalies,congenital cataract,,age_less_than_1,
Q12.1,hes_apc or mortality,diag,icd10,congenital displaced lens,eye anomalies,,,age_less_than_1,
Q12.2,hes_apc or mortality,diag,icd10,coloboma of lens,eye anomalies,,,age_less_than_1,
Q12.3,hes_apc or mortality,diag,icd10,congenital aphakia,eye anomalies,,,age_less_than_1,
Q12.4,hes_apc or mortality,diag,icd10,spherophakia,eye anomalies,,,age_less_than_1,
Q12.8,hes_apc or mortality,diag,icd10,other congenital lens malformations,eye anomalies,,,age_less_than_1,
Q12.9,hes_apc or mortality,diag,icd10,congenital lens malformation unspecified,eye anomalies,,,age_less_than_1,
Q13.0,hes_apc or mortality,diag,icd10,coloboma of iris,eye anomalies,,,age_less_than_1,
Q13.1,hes_apc or mortality,diag,icd10,absence of iris,eye anomalies,,,age_less_than_1,
Q13.2,hes_apc or mortality,diag,icd10,other congenital malformations of iris,eye anomalies,,,age_less_than_1,
Q13.3,hes_apc or mortality,diag,icd10,congenital corneal opacity,eye anomalies,,,age_less_than_1,
Q13.4,hes_apc or mortality,diag,icd10,other congenital corneal malformations,eye anomalies,,,age_less_than_1,
Q13.8,hes_apc or mortality,diag,icd10,other congenital malformations of anterior segment of eye,eye anomalies,,,age_less_than_1,
Q13.9,hes_apc or mortality,diag,icd10,congenital malformation of anterior segment of eye unspecified,eye anomalies,,,age_less_than_1,
Q14,hes_apc or mortality,diag,icd10,congenital malformations of posterior segment of eye,eye anomalies,,,age_less_than_1,
Q15.0,hes_apc or mortality,diag,icd10,congenital glaucoma,eye anomalies,congenital glaucoma,,age_less_than_1,
Q15.8,hes_apc or mortality,diag,icd10,other specified congenital malformations of eye,eye anomalies,,,age_less_than_1,
Q15.9,hes_apc or mortality,diag,icd10,congenital malformation of eye unspecified,eye anomalies,,,age_less_than_1,
Q16,hes_apc or mortality,diag,icd10,congenital malformations of ear causing impairment of hearing,ear face and neck anomalies,,,age_less_than_1,
Q17.8,hes_apc or mortality,diag,icd10,other specified congenital malformations of ear,ear face and neck anomalies,,,age_less_than_1,
Q18.3,hes_apc or mortality,diag,icd10,webbing of neck,ear face and neck anomalies,,,age_less_than_1,
Q18.8,hes_apc or mortality,diag,icd10,other specified congenital malformations of face and neck,ear face and neck anomalies,,,age_less_than_1,
Q20.0,hes_apc or mortality,diag,icd10,common arterial trunk,cardiac anomalies,severe cardiac anomaly,,age_less_than_1,
Q20.1,hes_apc or mortality,diag,icd10,double outlet right ventricle,cardiac anomalies,severe cardiac anomaly,,age_less_than_1,
Q20.2,hes_apc or mortality,diag,icd10,double outlet left ventricle,cardiac anomalies,,,age_less_than_1,
Q20.3,hes_apc or mortality,diag,icd10,discordant ventriculoarterial connection,cardiac anomalies,severe cardiac anomaly,,age_less_than_1,
Q20.4,hes_apc or mortality,diag,icd10,double inlet ventricle,cardiac anomalies,severe cardiac anomaly,,age_less_than_1,
Q20.5,hes_apc or mortality,diag,icd10,discordant atrioventricular connection,cardiac anomalies,,,age_less_than_1,
Q20.6,hes_apc or mortality,diag,icd10,isomerism of atrial appendages,cardiac anomalies,,,age_less_than_1,
Q20.8,hes_apc or mortality,diag,icd10,other congenital malformations of cardiac chambers and connections,cardiac anomalies,,,age_less_than_1,
Q20.9,hes_apc or mortality,diag,icd10,congenital malformation of cardiac chambers and connections unspecified,cardiac anomalies,,,age_less_than_1,
Q21.0,hes_apc or mortality,diag,icd10,ventricular septal defect,cardiac anomalies,,,age_less_than_1,
Q21.1,hes_apc or mortality,diag,icd10,atrial septal defect,cardiac anomalies,,,age_less_than_1,
Q21.2,hes_apc or mortality,diag,icd10,atrioventricular septal defect,cardiac anomalies,severe cardiac anomaly,,age_less_than_1,
Q21.3,hes_apc or mortality,diag,icd10,tetralogy of fallot,cardiac anomalies,severe cardiac anomaly,,age_less_than_1,
Q21.4,hes_apc or mortality,diag,icd10,aortopulmonary septal defect,cardiac anomalies,,,age_less_than_1,
Q21.8,hes_apc or mortality,diag,icd10,other congenital malformations of cardiac septa,cardiac anomalies,,,age_less_than_1,
Q21.9,hes_apc or mortality,diag,icd10,congenital malformation of cardiac septum unspecified,cardiac anomalies,,,age_less_than_1,
Q22.0,hes_apc or mortality,diag,icd10,pulmonary valve atresia,cardiac anomalies,severe cardiac anomaly,,age_less_than_1,
Q22.1,hes_apc or mortality,diag,icd10,congenital pulmonary valve stenosis,cardiac anomalies,,,age_less_than_1,
Q22.2,hes_apc or mortality,diag,icd10,congenital pulmonary valve insufficiency,cardiac anomalies,,,age_less_than_1,
Q22.3,hes_apc or mortality,diag,icd10,other congenital malformations of pulmonary valve,cardiac anomalies,,,age_less_than_1,
Q22.4,hes_apc or mortality,diag,icd10,congenital tricuspid stenosis,cardiac anomalies,severe cardiac anomaly,,age_less_than_1,
Q22.5,hes_apc or mortality,diag,icd10,ebstein anomaly,cardiac anomalies,severe cardiac anomaly,,age_less_than_1,
Q22.6,hes_apc or mortality,diag,icd10,hypoplastic right heart syndrome,cardiac anomalies,severe cardiac anomaly,,age_less_than_1,
Q22.8,hes_apc or mortality,diag,icd10,other congenital malformations of tricuspid valve,cardiac anomalies,,,age_less_than_1,
Q22.9,hes_apc or mortality,diag,icd10,congenital malformation of tricuspid valve unspecified,cardiac anomalies,,,age_less_than_1,
Q23.0,hes_apc or mortality,diag,icd10,congenital stenosis of aortic valve,cardiac anomalies,severe cardiac anomaly,,age_less_than_1,
Q23.1,hes_apc or mortality,diag,icd10,congenital insufficiency of aortic valve,cardiac anomalies,,,age_less_than_1,
Q23.2,hes_apc or mortality,diag,icd10,congenital mitral stenosis,cardiac anomalies,severe cardiac anomaly,,age_less_than_1,
Q23.3,hes_apc or mortality,diag,icd10,congenital mitral insufficiency,cardiac anomalies,severe cardiac anomaly,,age_less_than_1,
Q23.4,hes_apc or mortality,diag,icd10,hypoplastic left heart syndrome,cardiac anomalies,severe cardiac anomaly,,age_less_than_1,
Q23.8,hes_apc or mortality,diag,icd10,other congenital malformations of aortic and mitral valves,cardiac anomalies,,,age_less_than_1,
Q23.9,hes_apc or mortality,diag,icd10,congenital malformation of aortic and mitral valves unspecified,cardiac anomalies,,,age_less_than_1,
Q24.0,hes_apc or mortality,diag,icd10,dextrocardia,cardiac anomalies,,,age_less_than_1,
Q24.1,hes_apc or mortality,diag,icd10,laevocardia,cardiac anomalies,,,age_less_than_1,
Q24.2,hes_apc or mortality,diag,icd10,cor triatriatum,cardiac anomalies,,,age_less_than_1,
Q24.3,hes_apc or mortality,diag,icd10,pulmonary infundibular stenosis,cardiac anomalies,,,age_less_than_1,
Q24.4,hes_apc or mortality,diag,icd10,congenital subaortic stenosis,cardiac anomalies,,,age_less_than_1,
Q24.5,hes_apc or mortality,diag,icd10,malformation of coronary vessels,cardiac anomalies,,,age_less_than_1,
Q24.8,hes_apc or mortality,diag,icd10,other specified congenital malformations of heart,cardiac anomalies,,,age_less_than_1,
Q24.9,hes_apc or mortality,diag,icd10,congenital malformation of heart unspecified,cardiac anomalies,,,age_less_than_1,
Q25.0,hes_apc or mortality,diag,icd10,patent ductus arteriosus,cardiac anomalies,,,age_less_than_1,exclude_if_ga_lt37
Q25.1,hes_apc or mortality,diag,icd10,coarctation of aorta,cardiac anomalies,severe cardiac anomaly,,age_less_than_1,
Q25.2,hes_apc or mortality,diag,icd10,atresia of aorta,cardiac anomalies,severe cardiac anomaly,,age_less_than_1,
Q25.3,hes_apc or mortality,diag,icd10,stenosis of aorta,cardiac anomalies,,,age_less_than_1,
Q25.4,hes_apc or mortality,diag,icd10,other congenital malformations of aorta,cardiac anomalies,,,age_less_than_1,
Q25.5,hes_apc or mortality,diag,icd10,atresia of pulmonary artery,cardiac anomalies,,,age_less_than_1,
Q25.6,hes_apc or mortality,diag,icd10,stenosis of pulmonary artery,cardiac anomalies,,,age_less_than_1,exclude_if_ga_lt37
Q25.7,hes_apc or mortality,diag,icd10,other congenital malformations of pulmonary artery,cardiac anomalies,,,age_less_than_1,
Q25.8,hes_apc or mortality,diag,icd10,other congenital malformations of great arteries,cardiac anomalies,,,age_less_than_1,
Q25.9,hes_apc or mortality,diag,icd10,congenital malformation of great arteries unspecified,cardiac anomalies,,,age_less_than_1,
Q26.0,hes_apc or mortality,diag,icd10,congenital stenosis of vena cava,cardiac anomalies,,,age_less_than_1,
Q26.2,hes_apc or mortality,diag,icd10,total anomalous pulmonary venous connection,cardiac anomalies,severe cardiac anomaly,,age_less_than_1,
Q26.3,hes_apc or mortality,diag,icd10,partial anomalous pulmonary venous connection,cardiac anomalies,,,age_less_than_1,
Q26.4,hes_apc or mortality,diag,icd10,anomalous pulmonary venous connection unspecified,cardiac anomalies,,,age_less_than_1,
Q26.5,hes_apc or mortality,diag,icd10,anomalous portal venous connection,cardiac anomalies,,,age_less_than_1,
Q26.6,hes_apc or mortality,diag,icd10,portal vein-hepatic artery fistula,cardiac anomalies,,,age_less_than_1,
Q26.8,hes_apc or mortality,diag,icd10,other congenital malformations of great veins,cardiac anomalies,,,age_less_than_1,
Q26.9,hes_apc or mortality,diag,icd10,congenital malformation of great vein unspecified,cardiac anomalies,,,age_less_than_1,
Q30.0,hes_apc or mortality,diag,icd10,choanal atresia,respiratory anomalies,choanal atresia,,age_less_than_1,
Q32.1,hes_apc or mortality,diag,icd10,other congenital malformations of trachea,respiratory anomalies,,,age_less_than_1,
Q32.3,hes_apc or mortality,diag,icd10,congenital stenosis of bronchus,respiratory anomalies,,,age_less_than_1,
Q32.4,hes_apc or mortality,diag,icd10,other congenital malformations of bronchus,respiratory anomalies,,,age_less_than_1,
Q33.0,hes_apc or mortality,diag,icd10,congenital cystic lung,respiratory anomalies,,,age_less_than_1,
Q33.2,hes_apc or mortality,diag,icd10,sequestration of lung,respiratory anomalies,,,age_less_than_1,
Q33.3,hes_apc or mortality,diag,icd10,agenesis of lung,respiratory anomalies,,,age_less_than_1,
Q33.4,hes_apc or mortality,diag,icd10,congenital bronchiectasis,respiratory anomalies,,,age_less_than_1,
Q33.5,hes_apc or mortality,diag,icd10,ectopic tissue in lung,respiratory anomalies,,,age_less_than_1,
Q33.8,hes_apc or mortality,diag,icd10,other congenital malformations of lung,respiratory anomalies,,,age_less_than_1,
Q33.9,hes_apc or mortality,diag,icd10,congenital malformation of lung unspecified,respiratory anomalies,,,age_less_than_1,
Q34,hes_apc or mortality,diag,icd10,other congenital malformations of respiratory system,respiratory anomalies,,,age_less_than_1,
Q35.1,hes_apc or mortality,diag,icd10,cleft hard palate,orofacial anomalies,cleft palate,,age_less_than_1,
Q35.3,hes_apc or mortality,diag,icd10,cleft soft palate,orofacial anomalies,cleft palate,,age_less_than_1,
Q35.5,hes_apc or mortality,diag,icd10,cleft hard palate with cleft soft palate,orofacial anomalies,cleft palate,,age_less_than_1,
Q35.9,hes_apc or mortality,diag,icd10,cleft palate unspecified,orofacial anomalies,cleft palate,,age_less_than_1,
Q36,hes_apc or mortality,diag,icd10,cleft lip,orofacial anomalies,cleft lip,,age_less_than_1,
Q37,hes_apc or mortality,diag,icd10,cleft palate with cleft lip,orofacial anomalies,cleft lip and palate,,age_less_than_1,
Q38.0,hes_apc or mortality,diag,icd10,congenital malformations of lips not elsewhere classified,digestive anomalies,,,age_less_than_1,
Q38.3,hes_apc or mortality,diag,icd10,other congenital malformations of tongue,digestive anomalies,,,age_less_than_1,
Q38.4,hes_apc or mortality,diag,icd10,congenital malformations of salivary glands and ducts,digestive anomalies,,,age_less_than_1,
Q38.5,hes_apc or mortality,diag,icd10,congenital malformations of palate not elsewhere classified,digestive anomalies,,,age_less_than_1,
Q38.6,hes_apc or mortality,diag,icd10,other congenital malformations of mouth,digestive anomalies,,,age_less_than_1,
Q38.7,hes_apc or mortality,diag,icd10,pharyngeal pouch,digestive anomalies,,,age_less_than_1,
Q38.8,hes_apc or mortality,diag,icd10,other congenital malformations of pharynx,digestive anomalies,,,age_less_than_1,
Q39.0,hes_apc or mortality,diag,icd10,atresia of oesophagus without fistula,digestive anomalies,oesophageal atresia,,age_less_than_1,
Q39.1,hes_apc or mortality,diag,icd10,atresia of oesophagus with tracheo-oesophageal fistula,digestive anomalies,oesophageal atresia,,age_less_than_1,
Q39.2,hes_apc or mortality,diag,icd10,congenital tracheo-oesophageal fistula without atresia,digestive anomalies,,,age_less_than_1,
Q39.3,hes_apc or mortality,diag,icd10,congenital stenosis and stricture of oesophagus,digestive anomalies,,,age_less_than_1,
Q39.4,hes_apc or mortality,diag,icd10,oesophageal web,digestive anomalies,,,age_less_than_1,
Q39.5,hes_apc or mortality,diag,icd10,congenital dilatation of oesophagus,digestive anomalies,,,age_less_than_1,
Q39.6,hes_apc or mortality,diag,icd10,diverticulum of oesophagus,digestive anomalies,,,age_less_than_1,
Q39.8,hes_apc or mortality,diag,icd10,other congenital malformations of oesophagus,digestive anomalies,,,age_less_than_1,
Q39.9,hes_apc or mortality,diag,icd10,congenital malformation of oesophagus unspecified,digestive anomalies,,,age_less_than_1,
Q40.2,hes_apc or mortality,diag,icd10,other specified congenital malformations of stomach,digestive anomalies,,,age_less_than_1,
Q40.3,hes_apc or mortality,diag,icd10,congenital malformation of stomach unspecified,digestive anomalies,,,age_less_than_1,
Q40.8,hes_apc or mortality,diag,icd10,other specified congenital malformations of upper alimentary tract,digestive anomalies,,,age_less_than_1,
Q40.9,hes_apc or mortality,diag,icd10,congenital malformation of upper alimentary tract unspecified,digestive anomalies,,,age_less_than_1,
Q41.0,hes_apc or mortality,diag,icd10,congenital absence atresia and stenosis of duodenum,digestive anomalies,small intestine atresia,,age_less_than_1,
Q41.1,hes_apc or mortality,diag,icd10,congenital absence atresia and stenosis of jejunum,digestive anomalies,small intestine atresia,,age_less_than_1,
Q41.2,hes_apc or mortality,diag,icd10,congenital absence atresia and stenosis of ileum,digestive anomalies,small intestine atresia,,age_less_than_1,
Q41.8,hes_apc or mortality,diag,icd10,congenital absence atresia and stenosis of other specified parts of small intestine,digestive anomalies,small intestine atresia,,age_less_than_1,
Q41.9,hes_apc or mortality,diag,icd10,congenital absence atresia and stenosis of small intestine part unspecified,digestive anomalies,,,age_less_than_1,
Q42,hes_apc or mortality,diag,icd10,congenital absence atresia and stenosis of large intestine,digestive anomalies,,,age_less_than_1,
Q43.1,hes_apc or mortality,diag,icd10,hirschsprung disease,digestive anomalies,hirschsprung's disease,,age_less_than_1,
Q43.2,hes_apc or mortality,diag,icd10,other congenital functional disorders of colon,digestive anomalies,,,age_less_than_1,
Q43.3,hes_apc or mortality,diag,icd10,congenital malformations of intestinal fixation,digestive anomalies,,,age_less_than_1,
Q43.4,hes_apc or mortality,diag,icd10,duplication of intestine,digestive anomalies,,,age_less_than_1,
Q43.5,hes_apc or mortality,diag,icd10,ectopic anus,digestive anomalies,,,age_less_than_1,
Q43.6,hes_apc or mortality,diag,icd10,congenital fistula of rectum and anus,digestive anomalies,,,age_less_than_1,
Q43.7,hes_apc or mortality,diag,icd10,persistent cloaca,digestive anomalies,,,age_less_than_1,
Q43.8,hes_apc or mortality,diag,icd10,other specified congenital malformations of intestine,digestive anomalies,,,age_less_than_1,
Q43.9,hes_apc or mortality,diag,icd10,congenital malformation of intestine unspecified,digestive anomalies,,,age_less_than_1,
Q44.0,hes_apc or mortality,diag,icd10,agenesis aplasia and hypoplasia of gallbladder,digestive anomalies,,,age_less_than_1,
Q44.1,hes_apc or mortality,diag,icd10,other congenital malformations of gallbladder,digestive anomalies,,,age_less_than_1,
Q44.2,hes_apc or mortality,diag,icd10,atresia of bile ducts,digestive anomalies,biliary atresia,,age_less_than_1,
Q44.3,hes_apc or mortality,diag,icd10,congenital stenosis and stricture of bile ducts,digestive anomalies,,,age_less_than_1,
Q44.5,hes_apc or mortality,diag,icd10,other congenital malformations of bile ducts,digestive anomalies,,,age_less_than_1,
Q44.6,hes_apc or mortality,diag,icd10,cystic disease of liver,digestive anomalies,,,age_less_than_1,
Q44.7,hes_apc or mortality,diag,icd10,other congenital malformations of liver,digestive anomalies,,,age_less_than_1,
Q45,hes_apc or mortality,diag,icd10,other congenital malformations of digestive system,digestive anomalies,,,age_less_than_1,
Q79.0,hes_apc or mortality,diag,icd10,congenital diaphragmatic hernia,digestive anomalies,,,age_less_than_1,
Q42.0,hes_apc or mortality,diag,icd10,congenital absence atresia and stenosis of rectum with fistula,digestive anomalies,anorectal malformation,specific,age_less_than_1,differential_diag
Q42.1,hes_apc or mortality,diag,icd10,congenital absence atresia and stenosis of rectum without fistula,digestive anomalies,anorectal malformation,specific,age_less_than_1,differential_diag
Q42.2,hes_apc or mortality,diag,icd10,congenital absence atresia and stenosis of anus with fistula,digestive anomalies,anorectal malformation,specific,age_less_than_1,differential_diag
Q42.3,hes_apc or mortality,diag,icd10,congenital absence atresia and stenosis of anus without fistula,digestive anomalies,anorectal malformation,specific,age_less_than_1,differential_diag
Q43.5,hes_apc or mortality,diag,icd10,ectopic anus,digestive anomalies,anorectal malformation,specific,age_less_than_1,differential_diag
Q43.6,hes_apc or mortality,diag,icd10,congenital fistula of rectum and anus,digestive anomalies,anorectal malformation,specific,age_less_than_1,differential_diag
Q43.7,hes_apc or mortality,diag,icd10,persistent cloaca,digestive anomalies,anorectal malformation,specific,age_less_than_1,differential_diag
Q52.2,hes_apc or mortality,diag,icd10,congenital rectovaginal fistula,digestive anomalies,anorectal malformation,specific,age_less_than_1,differential_diag
K60.4,hes_apc or mortality,diag,icd10,rectal fistula,digestive anomalies,anorectal malformation,specific,age_less_than_1,differential_diag
K60.5,hes_apc or mortality,diag,icd10,anorectal fistula,digestive anomalies,anorectal malformation,specific,age_less_than_1,differential_diag
K62.4,hes_apc or mortality,diag,icd10,stenosis of anus and rectum,digestive anomalies,anorectal malformation,specific,age_less_than_1,differential_diag
N32.1,hes_apc or mortality,diag,icd10,vesicointestinal fistula,digestive anomalies,anorectal malformation,specific,age_less_than_1,differential_diag
N36.0,hes_apc or mortality,diag,icd10,urethral fistula,digestive anomalies,anorectal malformation,specific,age_less_than_1,differential_diag
N82.3,hes_apc or mortality,diag,icd10,fistula of vagina to large intestine,digestive anomalies,anorectal malformation,specific,age_less_than_1,differential_diag
N82.4,hes_apc or mortality,diag,icd10,other female intestinal-genital tract fistulae,digestive anomalies,anorectal malformation,specific,age_less_than_1,differential_diag
Q43.8,hes_apc or mortality,diag,icd10,other specified congenital malformations of intestine,digestive anomalies,anorectal malformation,generic,age_less_than_1,differential_diag
Q43.9,hes_apc or mortality,diag,icd10,congenital malformation of intestine unspecified,digestive anomalies,anorectal malformation,generic,age_less_than_1,differential_diag
H50.4,hes_apc,opertn,opcs4,reanastomosis of rectum to anal canal for correction of congenital atresia of rectum nec,digestive anomalies,anorectal malformation,specific,age_less_than_1,differential_diag
H50.1,hes_apc,opertn,opcs4,posterior repair of anal sphincter,digestive anomalies,anorectal malformation,specific,age_less_than_1,differential_diag
H50.9,hes_apc,opertn,opcs4,unspecified repair of anus,digestive anomalies,anorectal malformation,specific,age_less_than_1,differential_diag
N24.2,hes_apc,opertn,opcs4,operations on skin of male perineum nec,digestive anomalies,anorectal malformation,specific,age_less_than_1,differential_diag
N24.8,hes_apc,opertn,opcs4,other specified operations on male perineum,digestive anomalies,anorectal malformation,specific,age_less_than_1,differential_diag
N24.9,hes_apc,opertn,opcs4,unspecified operations on male perineum,digestive anomalies,anorectal malformation,specific,age_less_than_1,differential_diag
M37.5,hes_apc,opertn,opcs4,repair of fistula of bladder nec,digestive anomalies,anorectal malformation,specific,age_less_than_1,differential_diag
M45.9,hes_apc,opertn,opcs4,unspecified diagnostic endoscopic examination of bladder,digestive anomalies,anorectal malformation,specific,age_less_than_1,differential_diag
M73.3,hes_apc,opertn,opcs4,closure of fistula of urethra,digestive anomalies,anorectal malformation,specific,age_less_than_1,differential_diag
P13.4,hes_apc,opertn,opcs4,closure of fistula of female perineum,digestive anomalies,anorectal malformation,specific,age_less_than_1,differential_diag
P13.8,hes_apc,opertn,opcs4,other specified other operations on female perineum,digestive anomalies,anorectal malformation,specific,age_less_than_1,differential_diag
P13.9,hes_apc,opertn,opcs4,unspecified other operations on female perineum,digestive anomalies,anorectal malformation,specific,age_less_than_1,differential_diag
P25.3,hes_apc,opertn,opcs4,repair of rectovaginal fistula,digestive anomalies,anorectal malformation,specific,age_less_than_1,differential_diag
P27.4,hes_apc,opertn,opcs4,endoscopic examination of vagina,digestive anomalies,anorectal malformation,specific,age_less_than_1,differential_diag
H56.8,hes_apc,opertn,opcs4,other specified other operations on anus,digestive anomalies,anorectal malformation,generic,age_less_than_1,differential_diag
H15.1,hes_apc,opertn,opcs4,loop colostomy,digestive anomalies,anorectal malformation,generic_stoma_creation,age_less_than_1,differential_diag
H15.2,hes_apc,opertn,opcs4,end colostomy,digestive anomalies,anorectal malformation,generic_stoma_creation,age_less_than_1,differential_diag
H15.8,hes_apc,opertn,opcs4,other specified other exteriorisation of colon,digestive anomalies,anorectal malformation,generic_stoma_creation,age_less_than_1,differential_diag
H15.9,hes_apc,opertn,opcs4,unspecified other exteriorisation of colon,digestive anomalies,anorectal malformation,generic_stoma_creation,age_less_than_1,differential_diag
H32.1,hes_apc,opertn,opcs4,resiting of colostomy,digestive anomalies,anorectal malformation,generic_stoma_creation,age_less_than_1,differential_diag
G74.2,hes_apc,opertn,opcs4,creation of temporary ileostomy,digestive anomalies,anorectal malformation,generic_stoma_creation,age_less_than_1,differential_diag
G74.3,hes_apc,opertn,opcs4,creation of defunctioning ileostomy,digestive anomalies,anorectal malformation,generic_stoma_creation,age_less_than_1,differential_diag
G74.8,hes_apc,opertn,opcs4,other specified creation of artificial opening into ileum,digestive anomalies,anorectal malformation,generic_stoma_creation,age_less_than_1,differential_diag
G74.9,hes_apc,opertn,opcs4,unspecified creation of artificial opening into ileum,digestive anomalies,anorectal malformation,generic_stoma_creation,age_less_than_1,differential_diag
Q79.0,hes_apc or mortality,diag,icd10,congenital diaphragmatic hernia,digestive anomalies,congenital diaphragmatic hernia,diagnosis,age_less_than_1,cdh_exclusion
G23.2,hes_apc,opertn,opcs4,repair of diaphragmatic hernia using thoracic approach nec,digestive anomalies,congenital diaphragmatic hernia,repair,age_less_than_1,cdh_exclusion
G23.4,hes_apc,opertn,opcs4,repair of diaphragmatic hernia using abdominal approach nec,digestive anomalies,congenital diaphragmatic hernia,repair,age_less_than_1,cdh_exclusion
G23.8,hes_apc,opertn,opcs4,other specified repair of diaphragmatic hernia,digestive anomalies,congenital diaphragmatic hernia,repair,age_less_than_1,cdh_exclusion
G23.9,hes_apc,opertn,opcs4,unspecified repair of diaphragmatic hernia,digestive anomalies,congenital diaphragmatic hernia,repair,age_less_than_1,cdh_exclusion
T16.1,hes_apc,opertn,opcs4,insertion of prosthesis for repair of diaphragm,digestive anomalies,congenital diaphragmatic hernia,repair,age_less_than_1,cdh_exclusion
T16.4,hes_apc,opertn,opcs4,repair of congenital diaphragmatic hernia,digestive anomalies,congenital diaphragmatic hernia,repair,age_less_than_1,cdh_exclusion
T16.5,hes_apc,opertn,opcs4,suture of diaphragm nec,digestive anomalies,congenital diaphragmatic hernia,repair,age_less_than_1,cdh_exclusion
Q33.6,hes_apc or mortality,diag,icd10,hypoplasia and dysplasia of lung,digestive anomalies,congenital diaphragmatic hernia,lung_hypoplasia,,
J96,hes_apc,diag,icd10,respiratory failure not elsewhere classified,digestive anomalies,congenital diaphragmatic hernia,respiratory_distress,same_continuous_stay_as_cdh_repair,
P22,hes_apc,diag,icd10,respiratory distress of newborn,digestive anomalies,congenital diaphragmatic hernia,respiratory_distress,same_continuous_stay_as_cdh_repair,
P28.2,hes_apc,diag,icd10,cyanotic attacks of newborn,digestive anomalies,congenital diaphragmatic hernia,respiratory_distress,same_continuous_stay_as_cdh_repair,
P28.4,hes_apc,diag,icd10,other apnoea of newborn,digestive anomalies,congenital diaphragmatic hernia,respiratory_distress,same_continuous_stay_as_cdh_repair,
P28.5,hes_apc,diag,icd10,respiratory failure of newborn,digestive anomalies,congenital diaphragmatic hernia,respiratory_distress,same_continuous_stay_as_cdh_repair,
Z99.1,hes_apc,diag,icd10,dependence on respirator,digestive anomalies,congenital diaphragmatic hernia,respiratory_distress,same_continuous_stay_as_cdh_repair,
R09.2,hes_apc,diag,icd10,respiratory arrest,digestive anomalies,congenital diaphragmatic hernia,respiratory_distress,same_continuous_stay_as_cdh_repair,
R06.8,hes_apc,diag,icd10,other and unspecified abnormalities of breathing,digestive anomalies,congenital diaphragmatic hernia,respiratory_distress,same_continuous_stay_as_cdh_repair,
I27.0,hes_apc,diag,icd10,primary pulmonary hypertension,digestive anomalies,congenital diaphragmatic hernia,pulmonary_hypertension,same_continuous_stay_as_cdh_repair,
I27.2,hes_apc,diag,icd10,other secondary pulmonary hypertension,digestive anomalies,congenital diaphragmatic hernia,pulmonary_hypertension,same_continuous_stay_as_cdh_repair,
P29.3,hes_apc,diag,icd10,persistent fetal circulation,digestive anomalies,congenital diaphragmatic hernia,pulmonary_hypertension,same_continuous_stay_as_cdh_repair,
P29.2,hes_apc,diag,icd10,neonatal hypertension,digestive anomalies,congenital diaphragmatic hernia,pulmonary_hypertension,same_continuous_stay_as_cdh_repair,
P20.1,hes_apc,diag,icd10,intrauterine hypoxia first noted during labour and delivery,digestive anomalies,congenital diaphragmatic hernia,hypoxia_asphyxia,first_continuous_stay_from_birth_with_cdh_repair,
P20.9,hes_apc,diag,icd10,intrauterine hypoxia unspecified,digestive anomalies,congenital diaphragmatic hernia,hypoxia_asphyxia,first_continuous_stay_from_birth_with_cdh_repair,
P21,hes_apc,diag,icd10,birth asphyxia,digestive anomalies,congenital diaphragmatic hernia,hypoxia_asphyxia,first_continuous_stay_from_birth_with_cdh_repair,
Z43.0,hes_apc,diag,icd10,attention to tracheostomy,digestive anomalies,congenital diaphragmatic hernia,tracheostomy,first_continuous_stay_from_birth_with_cdh_repair,
J95.0,hes_apc,diag,icd10,tracheostomy malfunction,digestive anomalies,congenital diaphragmatic hernia,tracheostomy,first_continuous_stay_from_birth_with_cdh_repair,
Z93.0,hes_apc,diag,icd10,tracheostomy status,digestive anomalies,congenital diaphragmatic hernia,tracheostomy,first_continuous_stay_from_birth_with_cdh_repair,
E42.3,hes_apc,opertn,opcs4,temporary tracheostomy,digestive anomalies,congenital diaphragmatic hernia,invasive_ventilation,first_continuous_stay_from_birth_with_cdh_repair,
E42.4,hes_apc,opertn,opcs4,revision of tracheostomy,digestive anomalies,congenital diaphragmatic hernia,invasive_ventilation,first_continuous_stay_from_birth_with_cdh_repair,
E42.5,hes_apc,opertn,opcs4,closure of tracheostomy,digestive anomalies,congenital diaphragmatic hernia,invasive_ventilation,first_continuous_stay_from_birth_with_cdh_repair,
E42.6,hes_apc,opertn,opcs4,replacement of tracheostomy tube,digestive anomalies,congenital diaphragmatic hernia,invasive_ventilation,first_continuous_stay_from_birth_with_cdh_repair,
E42.7,hes_apc,opertn,opcs4,removal of tracheostomy tube,digestive anomalies,congenital diaphragmatic hernia,invasive_ventilation,first_continuous_stay_from_birth_with_cdh_repair,
E85.1,hes_apc,opertn,opcs4,invasive ventilation,digestive anomalies,congenital diaphragmatic hernia,invasive_ventilation,first_continuous_stay_from_birth_with_cdh_repair,
X56.1,hes_apc,opertn,opcs4,nasotracheal intubation,digestive anomalies,congenital diaphragmatic hernia,invasive_ventilation,first_continuous_stay_from_birth_with_cdh_repair,
X56.2,hes_apc,opertn,opcs4,endotracheal intubation,digestive anomalies,congenital diaphragmatic hernia,invasive_ventilation,first_continuous_stay_from_birth_with_cdh_repair,
X56.9,hes_apc,opertn,opcs4,unspecified intubation of trachea,digestive anomalies,congenital diaphragmatic hernia,invasive_ventilation,first_continuous_stay_from_birth_with_cdh_repair,
X58.1,hes_apc,opertn,opcs4,extracorporeal membrane oxygenation,digestive anomalies,congenital diaphragmatic hernia,invasive_ventilation,first_continuous_stay_from_birth_with_cdh_repair,
Q79.2,hes_apc or mortality,diag,icd10,exomphalos,abdominal wall anomaly,omphalocele,,age_less_than_1,
Q79.3,hes_apc or mortality,diag,icd10,gastroschisis,abdominal wall anomaly,gastroschisis,,age_less_than_1,
Q79.5,hes_apc or mortality,diag,icd10,other congenital malformations of abdominal wall,abdominal wall anomaly,,,age_less_than_1,
Q60,hes_apc or mortality,diag,icd10,renal agenesis and other reduction defects of kidney,urinary system anomalies,,,age_less_than_1,
Q61.1,hes_apc or mortality,diag,icd10,polycystic kidney autosomal recessive,urinary system anomalies,,,age_less_than_1,
Q61.2,hes_apc or mortality,diag,icd10,polycystic kidney autosomal dominant,urinary system anomalies,,,age_less_than_1,
Q61.3,hes_apc or mortality,diag,icd10,polycystic kidney unspecified,urinary system anomalies,,,age_less_than_1,
Q61.4,hes_apc or mortality,diag,icd10,renal dysplasia,urinary system anomalies,,,age_less_than_1,
Q61.5,hes_apc or mortality,diag,icd10,medullary cystic kidney,urinary system anomalies,,,age_less_than_1,
Q61.8,hes_apc or mortality,diag,icd10,other cystic kidney diseases,urinary system anomalies,,,age_less_than_1,
Q61.9,hes_apc or mortality,diag,icd10,cystic kidney disease unspecified,urinary system anomalies,,,age_less_than_1,
Q62.0,hes_apc or mortality,diag,icd10,congenital hydronephrosis,urinary system anomalies,,,age_less_than_1,
Q62.1,hes_apc or mortality,diag,icd10,atresia and stenosis of ureter,urinary system anomalies,,,age_less_than_1,
Q62.2,hes_apc or mortality,diag,icd10,congenital megaloureter,urinary system anomalies,,,age_less_than_1,
Q62.3,hes_apc or mortality,diag,icd10,other obstructive defects of renal pelvis and ureter,urinary system anomalies,,,age_less_than_1,
Q62.4,hes_apc or mortality,diag,icd10,agenesis of ureter,urinary system anomalies,,,age_less_than_1,
Q62.5,hes_apc or mortality,diag,icd10,duplication of ureter,urinary system anomalies,,,age_less_than_1,
Q62.6,hes_apc or mortality,diag,icd10,malposition of ureter,urinary system anomalies,,,age_less_than_1,
Q62.8,hes_apc or mortality,diag,icd10,other congenital malformations of ureter,urinary system anomalies,,,age_less_than_1,
Q63.0,hes_apc or mortality,diag,icd10,accessory kidney,urinary system anomalies,,,age_less_than_1,
Q63.1,hes_apc or mortality,diag,icd10,lobulated fused and horseshoe kidney,urinary system anomalies,,,age_less_than_1,
Q63.2,hes_apc or mortality,diag,icd10,ectopic kidney,urinary system anomalies,,,age_less_than_1,
Q63.8,hes_apc or mortality,diag,icd10,other specified congenital malformations of kidney,urinary system anomalies,,,age_less_than_1,
Q63.9,hes_apc or mortality,diag,icd10,congenital malformation of kidney unspecified,urinary system anomalies,,,age_less_than_1,
Q64.0,hes_apc or mortality,diag,icd10,epispadias,urinary system anomalies,bladder exstrophy,,age_less_than_1,
Q64.1,hes_apc or mortality,diag,icd10,exstrophy of urinary bladder,urinary system anomalies,bladder exstrophy,,age_less_than_1,
Q64.2,hes_apc or mortality,diag,icd10,congenital posterior urethral valves,urinary system anomalies,,,age_less_than_1,
Q64.3,hes_apc or mortality,diag,icd10,other atresia and stenosis of urethra and bladder neck,urinary system anomalies,,,age_less_than_1,
Q64.4,hes_apc or mortality,diag,icd10,malformation of urachus,urinary system anomalies,,,age_less_than_1,
Q64.5,hes_apc or mortality,diag,icd10,congenital absence of bladder and urethra,urinary system anomalies,,,age_less_than_1,
Q64.6,hes_apc or mortality,diag,icd10,congenital diverticulum of bladder,urinary system anomalies,,,age_less_than_1,
Q64.7,hes_apc or mortality,diag,icd10,other congenital malformations of bladder and urethra,urinary system anomalies,,,age_less_than_1,
Q64.8,hes_apc or mortality,diag,icd10,other specified congenital malformations of urinary system,urinary system anomalies,,,age_less_than_1,
Q64.9,hes_apc or mortality,diag,icd10,congenital malformation of urinary system unspecified,urinary system anomalies,,,age_less_than_1,
Q79.4,hes_apc or mortality,diag,icd10,prune belly syndrome,urinary system anomalies,,,age_less_than_1,
Q50.0,hes_apc or mortality,diag,icd10,congenital absence of ovary,genital anomalies,,,age_less_than_1,
Q50.3,hes_apc or mortality,diag,icd10,other congenital malformations of ovary,genital anomalies,,,age_less_than_1,
Q50.4,hes_apc or mortality,diag,icd10,embryonic cyst of fallopian tube,genital anomalies,,,age_less_than_1,
Q50.6,hes_apc or mortality,diag,icd10,other congenital malformations of fallopian tube and broad ligament,genital anomalies,,,age_less_than_1,
Q51,hes_apc or mortality,diag,icd10,congenital malformations of uterus and cervix,genital anomalies,,,age_less_than_1,
Q52.0,hes_apc or mortality,diag,icd10,congenital absence of vagina,genital anomalies,,,age_less_than_1,
Q52.1,hes_apc or mortality,diag,icd10,doubling of vagina,genital anomalies,,,age_less_than_1,
Q52.2,hes_apc or mortality,diag,icd10,congenital rectovaginal fistula,genital anomalies,,,age_less_than_1,
Q52.4,hes_apc or mortality,diag,icd10,other congenital malformations of vagina,genital anomalies,,,age_less_than_1,
Q52.6,hes_apc or mortality,diag,icd10,congenital malformation of clitoris,genital anomalies,,,age_less_than_1,
Q52.8,hes_apc or mortality,diag,icd10,other specified congenital malformations of female genitalia,genital anomalies,,,age_less_than_1,
Q52.9,hes_apc or mortality,diag,icd10,congenital malformation of female genitalia unspecified,genital anomalies,,,age_less_than_1,
Q54.0,hes_apc or mortality,diag,icd10,hypospadias balanic,genital anomalies,hypospadias,,age_less_than_1,
Q54.1,hes_apc or mortality,diag,icd10,hypospadias penile,genital anomalies,hypospadias,,age_less_than_1,
Q54.2,hes_apc or mortality,diag,icd10,hypospadias penoscrotal,genital anomalies,hypospadias,,age_less_than_1,
Q54.3,hes_apc or mortality,diag,icd10,hypospadias perineal,genital anomalies,hypospadias,,age_less_than_1,
Q54.8,hes_apc or mortality,diag,icd10,other hypospadias,genital anomalies,hypospadias,,age_less_than_1,
Q54.9,hes_apc or mortality,diag,icd10,hypospadias unspecified,genital anomalies,hypospadias,,age_less_than_1,
Q55,hes_apc or mortality,diag,icd10,other congenital malformations of male genital organs,genital anomalies,,,age_less_than_1,
Q56,hes_apc or mortality,diag,icd10,indeterminate sex and pseudohermaphroditism,genital anomalies,indeterminate sex,,age_less_than_1,
Q65.0,hes_apc or mortality,diag,icd10,congenital dislocation of hip unilateral,limb anomalies,,,age_less_than_1,
Q65.1,hes_apc or mortality,diag,icd10,congenital dislocation of hip bilateral,limb anomalies,,,age_less_than_1,
Q65.2,hes_apc or mortality,diag,icd10,congenital dislocation of hip unspecified,limb anomalies,,,age_less_than_1,
Q66.0,hes_apc or mortality,diag,icd10,talipes equinovarus,limb anomalies,,,age_less_than_1,
Q68.1,hes_apc or mortality,diag,icd10,congenital deformity of hand,limb anomalies,,,age_less_than_1,
Q68.2,hes_apc or mortality,diag,icd10,congenital deformity of knee,limb anomalies,,,age_less_than_1,
Q68.8,hes_apc or mortality,diag,icd10,other specified congenital musculoskeletal deformities,limb anomalies,,,age_less_than_1,
Q69,hes_apc or mortality,diag,icd10,polydactyly,limb anomalies,,,age_less_than_1,
Q70,hes_apc or mortality,diag,icd10,syndactyly,limb anomalies,,,age_less_than_1,
Q71,hes_apc or mortality,diag,icd10,reduction defects of upper limb,limb anomalies,limb reduction defect,,age_less_than_1,
Q72,hes_apc or mortality,diag,icd10,reduction defects of lower limb,limb anomalies,limb reduction defect,,age_less_than_1,
Q73,hes_apc or mortality,diag,icd10,reduction defects of unspecified limb,limb anomalies,limb reduction defect,,age_less_than_1,
Q74,hes_apc or mortality,diag,icd10,other congenital malformations of limb(s),limb anomalies,,,age_less_than_1,
Q90,hes_apc or mortality,diag,icd10,down syndrome,chromosomal anomalies,down syndrome,,age_less_than_1,
Q91,hes_apc or mortality,diag,icd10,edwards' syndrome and patau syndrome,chromosomal anomalies,,,age_less_than_1,
Q92,hes_apc or mortality,diag,icd10,other trisomies and partial trisomies of the autosomes not elsewhere classified,chromosomal anomalies,,,age_less_than_1,
Q93,hes_apc or mortality,diag,icd10,monosomies and deletions from the autosomes not elsewhere classified,chromosomal anomalies,,,age_less_than_1,
Q96,hes_apc or mortality,diag,icd10,turner syndrome,chromosomal anomalies,turner syndrome,,age_less_than_1,
Q97,hes_apc or mortality,diag,icd10,other sex chromosome abnormalities female phenotype not elsewhere classified,chromosomal anomalies,,,age_less_than_1,
Q98,hes_apc or mortality,diag,icd10,other sex chromosome abnormalities male phenotype not elsewhere classified,chromosomal anomalies,,,age_less_than_1,
Q99,hes_apc or mortality,diag,icd10,other chromosome abnormalities not elsewhere classified,chromosomal anomalies,,,age_less_than_1,
Q27.1,hes_apc or mortality,diag,icd10,congenital renal artery stenosis,other anomalies,,,age_less_than_1,
Q27.2,hes_apc or mortality,diag,icd10,other congenital malformations of renal artery,other anomalies,,,age_less_than_1,
Q27.3,hes_apc or mortality,diag,icd10,peripheral arteriovenous malformation,other anomalies,,,age_less_than_1,
Q27.4,hes_apc or mortality,diag,icd10,congenital phlebectasia,other anomalies,,,age_less_than_1,
Q27.8,hes_apc or mortality,diag,icd10,other specified congenital malformations of peripheral vascular system,other anomalies,,,age_less_than_1,
Q27.9,hes_apc or mortality,diag,icd10,congenital malformation of peripheral vascular system unspecified,other anomalies,,,age_less_than_1,
Q28,hes_apc or mortality,diag,icd10,other congenital malformations of circulatory system,other anomalies,,,age_less_than_1,
Q30.1,hes_apc or mortality,diag,icd10,agenesis and underdevelopment of nose,other anomalies,,,age_less_than_1,
Q30.2,hes_apc or mortality,diag,icd10,fissured notched and cleft nose,other anomalies,,,age_less_than_1,
Q30.3,hes_apc or mortality,diag,icd10,congenital perforated nasal septum,other anomalies,,,age_less_than_1,
Q30.8,hes_apc or mortality,diag,icd10,other congenital malformations of nose,other anomalies,,,age_less_than_1,
Q30.9,hes_apc or mortality,diag,icd10,congenital malformation of nose unspecified,other anomalies,,,age_less_than_1,
Q31.0,hes_apc or mortality,diag,icd10,web of larynx,other anomalies,,,age_less_than_1,
Q31.1,hes_apc or mortality,diag,icd10,congenital subglottic stenosis,other anomalies,,,age_less_than_1,
Q31.2,hes_apc or mortality,diag,icd10,laryngeal hypoplasia,other anomalies,,,age_less_than_1,
Q31.3,hes_apc or mortality,diag,icd10,laryngocele,other anomalies,,,age_less_than_1,
Q31.8,hes_apc or mortality,diag,icd10,other congenital malformations of larynx,other anomalies,,,age_less_than_1,
Q31.9,hes_apc or mortality,diag,icd10,congenital malformation of larynx unspecified,other anomalies,,,age_less_than_1,
Q75.0,hes_apc or mortality,diag,icd10,craniosynostosis,other anomalies,,,age_less_than_1,
Q75.1,hes_apc or mortality,diag,icd10,craniofacial dysostosis,other anomalies,,,age_less_than_1,
Q75.4,hes_apc or mortality,diag,icd10,mandibulofacial dysostosis,other anomalies,,,age_less_than_1,
Q75.5,hes_apc or mortality,diag,icd10,oculomandibular dysostosis,other anomalies,,,age_less_than_1,
Q75.8,hes_apc or mortality,diag,icd10,other specified congenital malformations of skull and face bones,other anomalies,,,age_less_than_1,
Q75.9,hes_apc or mortality,diag,icd10,congenital malformation of skull and face bones unspecified,other anomalies,,,age_less_than_1,
Q76.1,hes_apc or mortality,diag,icd10,klippel-feil syndrome,other anomalies,,,age_less_than_1,
Q76.2,hes_apc or mortality,diag,icd10,congenital spondylolisthesis,other anomalies,,,age_less_than_1,
Q76.3,hes_apc or mortality,diag,icd10,congenital scoliosis due to congenital bony malformation,other anomalies,,,age_less_than_1,
Q76.4,hes_apc or mortality,diag,icd10,other congenital malformations of spine not associated with scoliosis,other anomalies,,,age_less_than_1,
Q76.6,hes_apc or mortality,diag,icd10,other congenital malformations of ribs,other anomalies,,,age_less_than_1,
Q76.7,hes_apc or mortality,diag,icd10,congenital malformation of sternum,other anomalies,,,age_less_than_1,
Q76.8,hes_apc or mortality,diag,icd10,other congenital malformations of bony thorax,other anomalies,,,age_less_than_1,
Q76.9,hes_apc or mortality,diag,icd10,congenital malformation of bony thorax unspecified,other anomalies,,,age_less_than_1,
Q77,hes_apc or mortality,diag,icd10,osteochondrodysplasia with defects of growth of tubular bones and spine,other anomalies,,,age_less_than_1,
Q78,hes_apc or mortality,diag,icd10,other osteochondrodysplasias,other anomalies,,,age_less_than_1,
Q79.1,hes_apc or mortality,diag,icd10,other congenital malformations of diaphragm,other anomalies,,,age_less_than_1,
Q79.6,hes_apc or mortality,diag,icd10,ehlers-danlos syndrome,other anomalies,,,age_less_than_1,
Q79.8,hes_apc or mortality,diag,icd10,other congenital malformations of musculoskeletal system,other anomalies,,,age_less_than_1,
Q79.9,hes_apc or mortality,diag,icd10,congenital malformation of musculoskeletal system unspecified,other anomalies,,,age_less_than_1,
Q80,hes_apc or mortality,diag,icd10,congenital ichthyosis,other anomalies,,,age_less_than_1,
Q81,hes_apc or mortality,diag,icd10,epidermolysis bullosa,other anomalies,,,age_less_than_1,
Q82.0,hes_apc or mortality,diag,icd10,hereditary lymphoedema,other anomalies,,,age_less_than_1,
Q82.1,hes_apc or mortality,diag,icd10,xeroderma pigmentosum,other anomalies,,,age_less_than_1,
Q82.2,hes_apc or mortality,diag,icd10,mastocytosis,other anomalies,,,age_less_than_1,
Q82.3,hes_apc or mortality,diag,icd10,incontinentia pigmenti,other anomalies,,,age_less_than_1,
Q82.4,hes_apc or mortality,diag,icd10,ectodermal dysplasia (anhidrotic),other anomalies,,,age_less_than_1,
Q82.8,hes_apc or mortality,diag,icd10,other specified congenital malformations of skin,other anomalies,,,age_less_than_1,
Q82.9,hes_apc or mortality,diag,icd10,congenital malformation of skin unspecified,other anomalies,,,age_less_than_1,
Q83,hes_apc or mortality,diag,icd10,congenital malformations of breast,other anomalies,,,age_less_than_1,
Q84.0,hes_apc or mortality,diag,icd10,congenital alopecia,other anomalies,,,age_less_than_1,
Q84.1,hes_apc or mortality,diag,icd10,congenital morphological disturbances of hair not elsewhere classified,other anomalies,,,age_less_than_1,
Q84.2,hes_apc or mortality,diag,icd10,other congenital malformations of hair,other anomalies,,,age_less_than_1,
Q84.3,hes_apc or mortality,diag,icd10,anonychia,other anomalies,,,age_less_than_1,
Q84.4,hes_apc or mortality,diag,icd10,congenital leukonychia,other anomalies,,,age_less_than_1,
Q84.6,hes_apc or mortality,diag,icd10,other congenital malformations of nails,other anomalies,,,age_less_than_1,
Q84.8,hes_apc or mortality,diag,icd10,other specified congenital malformations of integument,other anomalies,,,age_less_than_1,
Q84.9,hes_apc or mortality,diag,icd10,congenital malformation of integument unspecified,other anomalies,,,age_less_than_1,
Q85,hes_apc or mortality,diag,icd10,phakomatoses not elsewhere classified,other anomalies,,,age_less_than_1,
Q86,hes_apc or mortality,diag,icd10,congenital malformation syndromes due to known exogenous causes not elsewhere classified,other anomalies,,,age_less_than_1,
Q87,hes_apc or mortality,diag,icd10,other specified congenital malformation syndromes affecting multiple systems,other anomalies,,,age_less_than_1,
Q89.0,hes_apc or mortality,diag,icd10,congenital malformations of spleen,other anomalies,,,age_less_than_1,
Q89.1,hes_apc or mortality,diag,icd10,congenital malformations of adrenal gland,other anomalies,,,age_less_than_1,
Q89.2,hes_apc or mortality,diag,icd10,congenital malformations of other endocrine glands,other anomalies,,,age_less_than_1,
Q89.3,hes_apc or mortality,diag,icd10,situs inversus,other anomalies,,,age_less_than_1,
Q89.4,hes_apc or mortality,diag,icd10,conjoined twins,other anomalies,,,age_less_than_1,
Q89.7,hes_apc or mortality,diag,icd10,multiple congenital malformations not elsewhere classified,other anomalies,,,age_less_than_1,
Q89.8,hes_apc or mortality,diag,icd10,other specified congenital malformations,other anomalies,,,age_less_than_1,
Q95.2,hes_apc or mortality,diag,icd10,balanced autosomal rearrangement in abnormal individual,other anomalies,,,age_less_than_1,
Q95.3,hes_apc or mortality,diag,icd10,balanced sex/autosomal rearrangement in abnormal individual,other anomalies,,,age_less_than_1,
Q95.4,hes_apc or mortality,diag,icd10,individuals with marker heterochromatin,other anomalies,,,age_less_than_1,
Q95.5,hes_apc or mortality,diag,icd10,individuals with autosomal fragile site,other anomalies,,,age_less_than_1,
Q95.8,hes_apc or mortality,diag,icd10,other balanced rearrangements and structural markers,other anomalies,,,age_less_than_1,
Q95.9,hes_apc or mortality,diag,icd10,balanced rearrangement and structural marker unspecified,other anomalies,,,age_less_than_1,
